{
  "token_acc": 0.9996638134,
  "token_p": 0.9978112128,
  "token_r": 0.9979488063,
  "token_f": 0.9978800048,
  "pos_acc": 0.9839336996,
  "morph_acc": 0.9800786505,
  "morph_micro_p": 0.9946844119,
  "morph_micro_r": 0.9889335916,
  "morph_micro_f": 0.9918006655,
  "morph_per_feat": {
    "Mood": {
      "p": 0.9933250927,
      "r": 0.9886811024,
      "f": 0.9909976569
    },
    "Number": {
      "p": 0.9977591441,
      "r": 0.9907762983,
      "f": 0.9942554609
    },
    "Person": {
      "p": 0.9957333333,
      "r": 0.9904509284,
      "f": 0.9930851064
    },
    "Tense": {
      "p": 0.9884186144,
      "r": 0.9842734326,
      "f": 0.9863416684
    },
    "VerbForm": {
      "p": 0.9921291355,
      "r": 0.9906753697,
      "f": 0.9914017197
    },
    "Gender": {
      "p": 0.993537729,
      "r": 0.9846865068,
      "f": 0.9890923163
    },
    "NumType": {
      "p": 0.969348659,
      "r": 0.9538171536,
      "f": 0.96152019
    },
    "Definite": {
      "p": 0.9929078014,
      "r": 0.9899823217,
      "f": 0.9914429035
    },
    "PronType": {
      "p": 0.9950805768,
      "r": 0.9908783784,
      "f": 0.9929750317
    },
    "PunctType": {
      "p": 0.9994516542,
      "r": 0.9970824216,
      "f": 0.9982656321
    },
    "NumForm": {
      "p": 0.9817158931,
      "r": 0.9803370787,
      "f": 0.9810260014
    },
    "Polarity": {
      "p": 1.0,
      "r": 0.9870550162,
      "f": 0.993485342
    },
    "Case": {
      "p": 0.9949790795,
      "r": 0.9900083264,
      "f": 0.9924874791
    },
    "PrepCase": {
      "p": 0.9972375691,
      "r": 0.9972375691,
      "f": 0.9972375691
    },
    "Reflex": {
      "p": 0.998603352,
      "r": 0.9972105997,
      "f": 0.9979064899
    },
    "Degree": {
      "p": 1.0,
      "r": 0.9964664311,
      "f": 0.9982300885
    },
    "Poss": {
      "p": 1.0,
      "r": 0.9886039886,
      "f": 0.994269341
    },
    "AdvType": {
      "p": 0.9402985075,
      "r": 0.9197080292,
      "f": 0.9298892989
    },
    "PunctSide": {
      "p": 0.9975786925,
      "r": 0.9951690821,
      "f": 0.9963724305
    },
    "Number[psor]": {
      "p": 1.0,
      "r": 1.0,
      "f": 1.0
    },
    "Polite": {
      "p": 1.0,
      "r": 0.75,
      "f": 0.8571428571
    }
  },
  "sents_p": 0.9912126538,
  "sents_r": 0.9900526624,
  "sents_f": 0.9906323185,
  "dep_uas": 0.9175138874,
  "dep_las": 0.8876269604,
  "dep_las_per_type": {
    "nsubj": {
      "p": 0.8927203065,
      "r": 0.8828797795,
      "f": 0.8877727745
    },
    "flat": {
      "p": 0.8611702128,
      "r": 0.8846994536,
      "f": 0.8727762803
    },
    "case": {
      "p": 0.9696275762,
      "r": 0.9672959,
      "f": 0.9684603347
    },
    "aux": {
      "p": 0.964208243,
      "r": 0.9492792312,
      "f": 0.9566854991
    },
    "root": {
      "p": 0.9436950147,
      "r": 0.9414862493,
      "f": 0.942589338
    },
    "nummod": {
      "p": 0.921005386,
      "r": 0.9031690141,
      "f": 0.912
    },
    "obj": {
      "p": 0.8467702768,
      "r": 0.8641883519,
      "f": 0.8553906537
    },
    "det": {
      "p": 0.9821811936,
      "r": 0.9823920979,
      "f": 0.9822866345
    },
    "nmod": {
      "p": 0.8269023496,
      "r": 0.8215892054,
      "f": 0.8242372153
    },
    "amod": {
      "p": 0.9207132018,
      "r": 0.9158490566,
      "f": 0.9182746879
    },
    "obl": {
      "p": 0.7274384686,
      "r": 0.7267759563,
      "f": 0.7271070615
    },
    "cc": {
      "p": 0.9284357188,
      "r": 0.9237555135,
      "f": 0.9260897031
    },
    "fixed": {
      "p": 0.899009901,
      "r": 0.902584493,
      "f": 0.9007936508
    },
    "conj": {
      "p": 0.6830537883,
      "r": 0.6764032073,
      "f": 0.6797122302
    },
    "advmod": {
      "p": 0.8654524089,
      "r": 0.8573923166,
      "f": 0.8614035088
    },
    "advcl": {
      "p": 0.6379100851,
      "r": 0.65625,
      "f": 0.6469500924
    },
    "compound": {
      "p": 0.8825757576,
      "r": 0.8411552347,
      "f": 0.8613678373
    },
    "mark": {
      "p": 0.8910482921,
      "r": 0.8853130486,
      "f": 0.8881714118
    },
    "cop": {
      "p": 0.8377281947,
      "r": 0.8939393939,
      "f": 0.864921466
    },
    "ccomp": {
      "p": 0.8120805369,
      "r": 0.8120805369,
      "f": 0.8120805369
    },
    "acl": {
      "p": 0.7249310028,
      "r": 0.7591522158,
      "f": 0.7416470588
    },
    "expl:pass": {
      "p": 0.7037037037,
      "r": 0.4130434783,
      "f": 0.5205479452
    },
    "appos": {
      "p": 0.6875,
      "r": 0.6857506361,
      "f": 0.6866242038
    },
    "xcomp": {
      "p": 0.8199052133,
      "r": 0.8122065728,
      "f": 0.8160377358
    },
    "iobj": {
      "p": 0.8,
      "r": 0.4919786096,
      "f": 0.6092715232
    },
    "dep": {
      "p": 0.0,
      "r": 0.0,
      "f": 0.0
    },
    "csubj": {
      "p": 0.7083333333,
      "r": 0.641509434,
      "f": 0.6732673267
    },
    "parataxis": {
      "p": 0.652173913,
      "r": 0.4411764706,
      "f": 0.5263157895
    },
    "nsubj:pass": {
      "p": 0.0,
      "r": 0.0,
      "f": 0.0
    },
    "orphan": {
      "p": 0.0,
      "r": 0.0,
      "f": 0.0
    }
  },
  "tag_acc": 0.9839336996,
  "lemma_acc": 0.9753868701,
  "ents_p": 0.8397144711,
  "ents_r": 0.8372694921,
  "ents_f": 0.8384901993,
  "ents_per_type": {
    "ORG": {
      "p": 0.8489208633,
      "r": 0.8512173129,
      "f": 0.8500675371
    },
    "LOC": {
      "p": 0.8706411699,
      "r": 0.830472103,
      "f": 0.8500823723
    },
    "MISC": {
      "p": 0.686440678,
      "r": 0.634464752,
      "f": 0.6594301221
    },
    "PER": {
      "p": 0.8624484182,
      "r": 0.940029985,
      "f": 0.8995695839
    }
  },
  "speed": 5166.5659961711
}